{"cameraMode":{"drawMode":0,"name":"Shaded","section":"Shading Mode"},"sceneLighting":true,"audioPlay":false,"sceneViewState":{"showFog":true,"showMaterialUpdate":false,"showSkybox":true,"showFlares":true,"showImageEffects":true,"showParticleSystems":true},"in2DMode":false,"pivot":{"x":3.6298627853393556,"y":6.051584720611572,"z":-7.708035945892334},"rotation":{"x":-0.20223335921764375,"y":0.3088209629058838,"z":-0.0673777312040329,"w":-0.9269258379936218},"size":10.91712474822998,"orthographic":false}