{"cameraMode":{"drawMode":0,"name":"Shaded","section":"Shading Mode"},"sceneLighting":true,"audioPlay":false,"sceneViewState":{"showFog":true,"showMaterialUpdate":false,"showSkybox":true,"showFlares":true,"showImageEffects":true,"showParticleSystems":true},"in2DMode":false,"pivot":{"x":1.121901273727417,"y":-0.21162326633930207,"z":20.582958221435548},"rotation":{"x":-0.0004949936410412192,"y":0.9994828104972839,"z":-0.025802597403526307,"w":-0.019188351929187776},"size":10.91712474822998,"orthographic":false}